{"cameraMode":{"drawMode":0,"name":"Shaded","section":"Shading Mode"},"sceneLighting":false,"audioPlay":false,"sceneViewState":{"m_AlwaysRefresh":false,"showFog":true,"showSkybox":false,"showFlares":true,"showImageEffects":true,"showParticleSystems":true,"showVisualEffectGraphs":true,"m_FxEnabled":true},"in2DMode":false,"pivot":{"x":1.1992359161376954,"y":0.29545748233795168,"z":2.052330493927002},"rotation":{"x":-0.06325550377368927,"y":-0.018863970413804055,"z":0.0011962344869971276,"w":-0.9978117942810059},"size":3.201294183731079,"orthographic":false}