{"cameraMode":{"drawMode":0,"name":"Shaded","section":"Shading Mode"},"sceneLighting":false,"audioPlay":false,"sceneViewState":{"m_AlwaysRefresh":false,"showFog":true,"showSkybox":false,"showFlares":true,"showImageEffects":true,"showParticleSystems":true,"showVisualEffectGraphs":true,"m_FxEnabled":true},"in2DMode":false,"pivot":{"x":1.0000007152557374,"y":-0.5000718832015991,"z":0.0008451640605926514},"rotation":{"x":-0.08264869451522827,"y":-0.039755597710609439,"z":0.003299569711089134,"w":-0.9957748055458069},"size":1.8686730861663819,"orthographic":false}